insert into m_localidad (NOMBRE, ID_LOCALIDAD, ID_LOCALIDAD_PADRE, NIVEL_LOCALIDAD)
values ('CONCEPCION', 1, null, 'D');

insert into m_localidad (NOMBRE, ID_LOCALIDAD, ID_LOCALIDAD_PADRE, NIVEL_LOCALIDAD)
values ('SAN PEDRO', 2, null, 'D');

insert into m_localidad (NOMBRE, ID_LOCALIDAD, ID_LOCALIDAD_PADRE, NIVEL_LOCALIDAD)
values ('CORDILLERA', 3, null, 'D');

insert into m_localidad (NOMBRE, ID_LOCALIDAD, ID_LOCALIDAD_PADRE, NIVEL_LOCALIDAD)
values ('GUAIRA', 4, null, 'D');

insert into m_localidad (NOMBRE, ID_LOCALIDAD, ID_LOCALIDAD_PADRE, NIVEL_LOCALIDAD)
values ('CAAGUAZU', 5, null, 'D');

insert into m_localidad (NOMBRE, ID_LOCALIDAD, ID_LOCALIDAD_PADRE, NIVEL_LOCALIDAD)
values ('CAAZAPA', 6, null, 'D');

insert into m_localidad (NOMBRE, ID_LOCALIDAD, ID_LOCALIDAD_PADRE, NIVEL_LOCALIDAD)
values ('ITAPUA', 7, null, 'D');

insert into m_localidad (NOMBRE, ID_LOCALIDAD, ID_LOCALIDAD_PADRE, NIVEL_LOCALIDAD)
values ('MISIONES', 8, null, 'D');

insert into m_localidad (NOMBRE, ID_LOCALIDAD, ID_LOCALIDAD_PADRE, NIVEL_LOCALIDAD)
values ('PARAGUARI', 9, null, 'D');

insert into m_localidad (NOMBRE, ID_LOCALIDAD, ID_LOCALIDAD_PADRE, NIVEL_LOCALIDAD)
values ('ALTO PARANA', 10, null, 'D');

insert into m_localidad (NOMBRE, ID_LOCALIDAD, ID_LOCALIDAD_PADRE, NIVEL_LOCALIDAD)
values ('CENTRAL', 11, null, 'D');

insert into m_localidad (NOMBRE, ID_LOCALIDAD, ID_LOCALIDAD_PADRE, NIVEL_LOCALIDAD)
values ('NEEMBUCU', 12, null, 'D');

insert into m_localidad (NOMBRE, ID_LOCALIDAD, ID_LOCALIDAD_PADRE, NIVEL_LOCALIDAD)
values ('AMAMBAY', 13, null, 'D');

insert into m_localidad (NOMBRE, ID_LOCALIDAD, ID_LOCALIDAD_PADRE, NIVEL_LOCALIDAD)
values ('CANINDEYU', 14, null, 'D');

insert into m_localidad (NOMBRE, ID_LOCALIDAD, ID_LOCALIDAD_PADRE, NIVEL_LOCALIDAD)
values ('PDTE. HAYES', 15, null, 'D');

insert into m_localidad (NOMBRE, ID_LOCALIDAD, ID_LOCALIDAD_PADRE, NIVEL_LOCALIDAD)
values ('ALTO PARAGUAY', 16, null, 'D');

insert into m_localidad (NOMBRE, ID_LOCALIDAD, ID_LOCALIDAD_PADRE, NIVEL_LOCALIDAD)
values ('BOQUERON', 17, null, 'D');

insert into m_localidad (NOMBRE, ID_LOCALIDAD, ID_LOCALIDAD_PADRE, NIVEL_LOCALIDAD)
values ('CAPITAL', 18, null, 'D');

insert into m_localidad (NOMBRE, ID_LOCALIDAD, ID_LOCALIDAD_PADRE, NIVEL_LOCALIDAD)
values ('ASUNCION LA CATEDRAL', 331, 11, 'C');

insert into m_localidad (NOMBRE, ID_LOCALIDAD, ID_LOCALIDAD_PADRE, NIVEL_LOCALIDAD)
values ('ASUNCION LA ENCARNACION', 332, 11, 'C');

insert into m_localidad (NOMBRE, ID_LOCALIDAD, ID_LOCALIDAD_PADRE, NIVEL_LOCALIDAD)
values ('ASUNCION LA RECOLETA', 333, 11, 'C');

insert into m_localidad (NOMBRE, ID_LOCALIDAD, ID_LOCALIDAD_PADRE, NIVEL_LOCALIDAD)
values ('ASUNCION SAN ROQUE', 334, 11, 'C');

insert into m_localidad (NOMBRE, ID_LOCALIDAD, ID_LOCALIDAD_PADRE, NIVEL_LOCALIDAD)
values ('ASUNCION SANTISIMA TRINIDAD', 335, 11, 'C');

insert into m_localidad (NOMBRE, ID_LOCALIDAD, ID_LOCALIDAD_PADRE, NIVEL_LOCALIDAD)
values ('CENTRAL', 336, 11, 'C');

insert into m_localidad (NOMBRE, ID_LOCALIDAD, ID_LOCALIDAD_PADRE, NIVEL_LOCALIDAD)
values ('GUARAMBARE', 337, 11, 'C');

insert into m_localidad (NOMBRE, ID_LOCALIDAD, ID_LOCALIDAD_PADRE, NIVEL_LOCALIDAD)
values ('ZEBALLOS CUE', 338, 11, 'C');

insert into m_localidad (NOMBRE, ID_LOCALIDAD, ID_LOCALIDAD_PADRE, NIVEL_LOCALIDAD)
values ('CARAYAO', 339, 12, 'C');

insert into m_localidad (NOMBRE, ID_LOCALIDAD, ID_LOCALIDAD_PADRE, NIVEL_LOCALIDAD)
values ('CERRITO', 340, 12, 'C');

insert into m_localidad (NOMBRE, ID_LOCALIDAD, ID_LOCALIDAD_PADRE, NIVEL_LOCALIDAD)
values ('DESMOCHADOS', 341, 12, 'C');

insert into m_localidad (NOMBRE, ID_LOCALIDAD, ID_LOCALIDAD_PADRE, NIVEL_LOCALIDAD)
values ('GRAL JOSE E DIAZ', 342, 12, 'C');

insert into m_localidad (NOMBRE, ID_LOCALIDAD, ID_LOCALIDAD_PADRE, NIVEL_LOCALIDAD)
values ('GUAZUCUA', 343, 12, 'C');

insert into m_localidad (NOMBRE, ID_LOCALIDAD, ID_LOCALIDAD_PADRE, NIVEL_LOCALIDAD)
values ('HUMAITA', 344, 12, 'C');

insert into m_localidad (NOMBRE, ID_LOCALIDAD, ID_LOCALIDAD_PADRE, NIVEL_LOCALIDAD)
values ('ISLA UMBU', 345, 12, 'C');

insert into m_localidad (NOMBRE, ID_LOCALIDAD, ID_LOCALIDAD_PADRE, NIVEL_LOCALIDAD)
values ('LAURELES', 346, 12, 'C');

insert into m_localidad (NOMBRE, ID_LOCALIDAD, ID_LOCALIDAD_PADRE, NIVEL_LOCALIDAD)
values ('MAYOR JOSE D MARTINEZ', 347, 12, 'C');

insert into m_localidad (NOMBRE, ID_LOCALIDAD, ID_LOCALIDAD_PADRE, NIVEL_LOCALIDAD)
values ('NEEMBUCU', 348, 12, 'C');

insert into m_localidad (NOMBRE, ID_LOCALIDAD, ID_LOCALIDAD_PADRE, NIVEL_LOCALIDAD)
values ('PASO DE PATRIA', 349, 12, 'C');

insert into m_localidad (NOMBRE, ID_LOCALIDAD, ID_LOCALIDAD_PADRE, NIVEL_LOCALIDAD)
values ('SAN JUAN BAUTISTA ?EEMBUCU', 350, 12, 'C');

insert into m_localidad (NOMBRE, ID_LOCALIDAD, ID_LOCALIDAD_PADRE, NIVEL_LOCALIDAD)
values ('VILLA FRANCA', 351, 12, 'C');

insert into m_localidad (NOMBRE, ID_LOCALIDAD, ID_LOCALIDAD_PADRE, NIVEL_LOCALIDAD)
values ('VILLA OLIVA', 352, 12, 'C');

insert into m_localidad (NOMBRE, ID_LOCALIDAD, ID_LOCALIDAD_PADRE, NIVEL_LOCALIDAD)
values ('VILLALBIN', 353, 12, 'C');

insert into m_localidad (NOMBRE, ID_LOCALIDAD, ID_LOCALIDAD_PADRE, NIVEL_LOCALIDAD)
values ('AMAMBAY', 354, 13, 'C');

insert into m_localidad (NOMBRE, ID_LOCALIDAD, ID_LOCALIDAD_PADRE, NIVEL_LOCALIDAD)
values ('BELLA VISTA NORTE', 355, 13, 'C');

insert into m_localidad (NOMBRE, ID_LOCALIDAD, ID_LOCALIDAD_PADRE, NIVEL_LOCALIDAD)
values ('CAPITAN BADO', 356, 13, 'C');

insert into m_localidad (NOMBRE, ID_LOCALIDAD, ID_LOCALIDAD_PADRE, NIVEL_LOCALIDAD)
values ('LIBERACION', 999, 2, 'C');

insert into m_localidad (NOMBRE, ID_LOCALIDAD, ID_LOCALIDAD_PADRE, NIVEL_LOCALIDAD)
values ('SANTA FE DEL PARANA', 408, 10, 'C');

insert into m_localidad (NOMBRE, ID_LOCALIDAD, ID_LOCALIDAD_PADRE, NIVEL_LOCALIDAD)
values ('ISLA MARGARITA', 407, 16, 'C');

insert into m_localidad (NOMBRE, ID_LOCALIDAD, ID_LOCALIDAD_PADRE, NIVEL_LOCALIDAD)
values ('ARROYITO', 409, 1, 'C');

insert into m_localidad (NOMBRE, ID_LOCALIDAD, ID_LOCALIDAD_PADRE, NIVEL_LOCALIDAD)
values ('SAN ALFREDO', 410, 1, 'C');

insert into m_localidad (NOMBRE, ID_LOCALIDAD, ID_LOCALIDAD_PADRE, NIVEL_LOCALIDAD)
values ('MARACANA', 411, 14, 'C');

insert into m_localidad (NOMBRE, ID_LOCALIDAD, ID_LOCALIDAD_PADRE, NIVEL_LOCALIDAD)
values ('KARAPAI', 412, 13, 'C');

insert into m_localidad (NOMBRE, ID_LOCALIDAD, ID_LOCALIDAD_PADRE, NIVEL_LOCALIDAD)
values ('SAN LORENZO', 62, 11, 'C');

insert into m_localidad (NOMBRE, ID_LOCALIDAD, ID_LOCALIDAD_PADRE, NIVEL_LOCALIDAD)
values ('FERNANDO DE LA MORA', 61, 11, 'C');

insert into m_localidad (NOMBRE, ID_LOCALIDAD, ID_LOCALIDAD_PADRE, NIVEL_LOCALIDAD)
values ('LAMBARE', 63, 11, 'C');

insert into m_localidad (NOMBRE, ID_LOCALIDAD, ID_LOCALIDAD_PADRE, NIVEL_LOCALIDAD)
values ('LUQUE', 88, 11, 'C');

insert into m_localidad (NOMBRE, ID_LOCALIDAD, ID_LOCALIDAD_PADRE, NIVEL_LOCALIDAD)
values ('BORJA', 195, 4, 'C');

insert into m_localidad (NOMBRE, ID_LOCALIDAD, ID_LOCALIDAD_PADRE, NIVEL_LOCALIDAD)
values ('TEBICUARY', 192, 4, 'C');

insert into m_localidad (NOMBRE, ID_LOCALIDAD, ID_LOCALIDAD_PADRE, NIVEL_LOCALIDAD)
values ('CAAGUAZU', 183, 4, 'C');

insert into m_localidad (NOMBRE, ID_LOCALIDAD, ID_LOCALIDAD_PADRE, NIVEL_LOCALIDAD)
values ('CAAZAPA', 106, 6, 'C');

insert into m_localidad (NOMBRE, ID_LOCALIDAD, ID_LOCALIDAD_PADRE, NIVEL_LOCALIDAD)
values ('SAN SALVADOR', 191, 4, 'C');

insert into m_localidad (NOMBRE, ID_LOCALIDAD, ID_LOCALIDAD_PADRE, NIVEL_LOCALIDAD)
values ('ITAPUA POTY', 120, 7, 'C');

insert into m_localidad (NOMBRE, ID_LOCALIDAD, ID_LOCALIDAD_PADRE, NIVEL_LOCALIDAD)
values ('SAN RAFAEL DEL PARANA', 112, 7, 'C');

insert into m_localidad (NOMBRE, ID_LOCALIDAD, ID_LOCALIDAD_PADRE, NIVEL_LOCALIDAD)
values ('TRINIDAD', 167, 7, 'C');

insert into m_localidad (NOMBRE, ID_LOCALIDAD, ID_LOCALIDAD_PADRE, NIVEL_LOCALIDAD)
values ('CNEL.OVIEDO', 87, 5, 'C');

insert into m_localidad (NOMBRE, ID_LOCALIDAD, ID_LOCALIDAD_PADRE, NIVEL_LOCALIDAD)
values ('ASUNCION', 89, 11, 'C');

insert into m_localidad (NOMBRE, ID_LOCALIDAD, ID_LOCALIDAD_PADRE, NIVEL_LOCALIDAD)
values ('BAÑADO', 10540, 89, 'B');

insert into m_localidad (NOMBRE, ID_LOCALIDAD, ID_LOCALIDAD_PADRE, NIVEL_LOCALIDAD)
values ('CAMPO GRANDE', 10541, 89, 'B');

insert into m_localidad (NOMBRE, ID_LOCALIDAD, ID_LOCALIDAD_PADRE, NIVEL_LOCALIDAD)
values ('CARMELITAS', 10542, 89, 'B');

insert into m_localidad (NOMBRE, ID_LOCALIDAD, ID_LOCALIDAD_PADRE, NIVEL_LOCALIDAD)
values ('CELSA SPERATTI', 10543, 89, 'B');

insert into m_localidad (NOMBRE, ID_LOCALIDAD, ID_LOCALIDAD_PADRE, NIVEL_LOCALIDAD)
values ('CERRITO', 10544, 89, 'B');

insert into m_localidad (NOMBRE, ID_LOCALIDAD, ID_LOCALIDAD_PADRE, NIVEL_LOCALIDAD)
values ('HERRERA', 10545, 89, 'B');

insert into m_localidad (NOMBRE, ID_LOCALIDAD, ID_LOCALIDAD_PADRE, NIVEL_LOCALIDAD)
values ('INTERNACIONAL', 10546, 89, 'B');

insert into m_localidad (NOMBRE, ID_LOCALIDAD, ID_LOCALIDAD_PADRE, NIVEL_LOCALIDAD)
values ('IPVU', 10547, 89, 'B');

insert into m_localidad (NOMBRE, ID_LOCALIDAD, ID_LOCALIDAD_PADRE, NIVEL_LOCALIDAD)
values ('ISLA DE FRANCIA', 10548, 89, 'B');

insert into m_localidad (NOMBRE, ID_LOCALIDAD, ID_LOCALIDAD_PADRE, NIVEL_LOCALIDAD)
values ('ITAY', 10549, 89, 'B');

insert into m_localidad (NOMBRE, ID_LOCALIDAD, ID_LOCALIDAD_PADRE, NIVEL_LOCALIDAD)
values ('LAS CARMELITAS', 10550, 89, 'B');

insert into m_localidad (NOMBRE, ID_LOCALIDAD, ID_LOCALIDAD_PADRE, NIVEL_LOCALIDAD)
values ('LAS COLINAS', 10551, 89, 'B');

insert into m_localidad (NOMBRE, ID_LOCALIDAD, ID_LOCALIDAD_PADRE, NIVEL_LOCALIDAD)
values ('YKUA SATI', 10552, 89, 'B');

insert into m_localidad (NOMBRE, ID_LOCALIDAD, ID_LOCALIDAD_PADRE, NIVEL_LOCALIDAD)
values ('MARIA AUXILIADORA', 10553, 89, 'B');

insert into m_localidad (NOMBRE, ID_LOCALIDAD, ID_LOCALIDAD_PADRE, NIVEL_LOCALIDAD)
values ('BELLA VISTA', 10554, 89, 'B');

insert into m_localidad (NOMBRE, ID_LOCALIDAD, ID_LOCALIDAD_PADRE, NIVEL_LOCALIDAD)
values ('NUESTRA SRA. DE LA ASUNCION', 10555, 89, 'B');

insert into m_localidad (NOMBRE, ID_LOCALIDAD, ID_LOCALIDAD_PADRE, NIVEL_LOCALIDAD)
values ('PARQUE INDUSTRIAL', 10556, 89, 'B');

insert into m_localidad (NOMBRE, ID_LOCALIDAD, ID_LOCALIDAD_PADRE, NIVEL_LOCALIDAD)
values ('PATRICIO ESCOBAR', 10557, 89, 'B');

insert into m_localidad (NOMBRE, ID_LOCALIDAD, ID_LOCALIDAD_PADRE, NIVEL_LOCALIDAD)
values ('LA ENCARNACION', 10558, 89, 'B');

insert into m_localidad (NOMBRE, ID_LOCALIDAD, ID_LOCALIDAD_PADRE, NIVEL_LOCALIDAD)
values ('SAN FELIPE', 10559, 89, 'B');

insert into m_localidad (NOMBRE, ID_LOCALIDAD, ID_LOCALIDAD_PADRE, NIVEL_LOCALIDAD)
values ('SAN FRANCISCO', 10560, 89, 'B');

insert into m_localidad (NOMBRE, ID_LOCALIDAD, ID_LOCALIDAD_PADRE, NIVEL_LOCALIDAD)
values ('SAN JOSE', 10561, 89, 'B');

insert into m_localidad (NOMBRE, ID_LOCALIDAD, ID_LOCALIDAD_PADRE, NIVEL_LOCALIDAD)
values ('SAN PEDRO', 10562, 89, 'B');

insert into m_localidad (NOMBRE, ID_LOCALIDAD, ID_LOCALIDAD_PADRE, NIVEL_LOCALIDAD)
values ('SAN RAFAEL', 10563, 89, 'B');

insert into m_localidad (NOMBRE, ID_LOCALIDAD, ID_LOCALIDAD_PADRE, NIVEL_LOCALIDAD)
values ('PINOZA', 10564, 89, 'B');

insert into m_localidad (NOMBRE, ID_LOCALIDAD, ID_LOCALIDAD_PADRE, NIVEL_LOCALIDAD)
values ('SANTA TERESA', 10565, 89, 'B');

insert into m_localidad (NOMBRE, ID_LOCALIDAD, ID_LOCALIDAD_PADRE, NIVEL_LOCALIDAD)
values ('VILLA MORRA', 10566, 89, 'B');

insert into m_localidad (NOMBRE, ID_LOCALIDAD, ID_LOCALIDAD_PADRE, NIVEL_LOCALIDAD)
values ('SANTA VERONICA', 10567, 89, 'B');

insert into m_localidad (NOMBRE, ID_LOCALIDAD, ID_LOCALIDAD_PADRE, NIVEL_LOCALIDAD)
values ('SANTO DOMINGO DE GUZMAN', 10568, 89, 'B');

insert into m_localidad (NOMBRE, ID_LOCALIDAD, ID_LOCALIDAD_PADRE, NIVEL_LOCALIDAD)
values ('SEMINARIO', 10569, 89, 'B');

insert into m_localidad (NOMBRE, ID_LOCALIDAD, ID_LOCALIDAD_PADRE, NIVEL_LOCALIDAD)
values ('TABLADA', 10570, 89, 'B');

insert into m_localidad (NOMBRE, ID_LOCALIDAD, ID_LOCALIDAD_PADRE, NIVEL_LOCALIDAD)
values ('VARADERO', 10571, 89, 'B');

insert into m_localidad (NOMBRE, ID_LOCALIDAD, ID_LOCALIDAD_PADRE, NIVEL_LOCALIDAD)
values ('VILLA GUARANI', 10572, 89, 'B');

insert into m_localidad (NOMBRE, ID_LOCALIDAD, ID_LOCALIDAD_PADRE, NIVEL_LOCALIDAD)
values ('VILLA MILITAR', 10573, 89, 'B');

insert into m_localidad (NOMBRE, ID_LOCALIDAD, ID_LOCALIDAD_PADRE, NIVEL_LOCALIDAD)
values ('VILLA SOLEDAD', 10574, 89, 'B');

insert into m_localidad (NOMBRE, ID_LOCALIDAD, ID_LOCALIDAD_PADRE, NIVEL_LOCALIDAD)
values ('CAMPO GRANDE', 323, 88, 'B');

insert into m_localidad (NOMBRE, ID_LOCALIDAD, ID_LOCALIDAD_PADRE, NIVEL_LOCALIDAD)
values ('CUARTO BARRIO', 322, 88, 'B');

insert into m_localidad (NOMBRE, ID_LOCALIDAD, ID_LOCALIDAD_PADRE, NIVEL_LOCALIDAD)
values ('PRIMER BARRIO', 320, 88, 'B');

insert into m_localidad (NOMBRE, ID_LOCALIDAD, ID_LOCALIDAD_PADRE, NIVEL_LOCALIDAD)
values ('LOMA MERLO', 319, 88, 'B');

insert into m_localidad (NOMBRE, ID_LOCALIDAD, ID_LOCALIDAD_PADRE, NIVEL_LOCALIDAD)
values ('SEGUNDO BARRIO', 321, 88, 'B');

insert into m_localidad (NOMBRE, ID_LOCALIDAD, ID_LOCALIDAD_PADRE, NIVEL_LOCALIDAD)
values ('SAN ROQUE GONZALEZ DE SANTA CRUZ', 908, 63, 'B');

insert into m_localidad (NOMBRE, ID_LOCALIDAD, ID_LOCALIDAD_PADRE, NIVEL_LOCALIDAD)
values ('SAN ANTONIO', 907, 63, 'B');

insert into m_localidad (NOMBRE, ID_LOCALIDAD, ID_LOCALIDAD_PADRE, NIVEL_LOCALIDAD)
values ('CUATRO MOJONES', 906, 63, 'B');

insert into m_localidad (NOMBRE, ID_LOCALIDAD, ID_LOCALIDAD_PADRE, NIVEL_LOCALIDAD)
values ('VALLE APU`A I', 905, 63, 'B');

insert into m_localidad (NOMBRE, ID_LOCALIDAD, ID_LOCALIDAD_PADRE, NIVEL_LOCALIDAD)
values ('VILLA CERRO CORA', 904, 63, 'B');

insert into m_localidad (NOMBRE, ID_LOCALIDAD, ID_LOCALIDAD_PADRE, NIVEL_LOCALIDAD)
values ('VILLA VIRGINIA', 903, 63, 'B');

insert into m_localidad (NOMBRE, ID_LOCALIDAD, ID_LOCALIDAD_PADRE, NIVEL_LOCALIDAD)
values ('CENTRO URBANO', 902, 63, 'B');

insert into m_localidad (NOMBRE, ID_LOCALIDAD, ID_LOCALIDAD_PADRE, NIVEL_LOCALIDAD)
values ('KENNEDY', 901, 63, 'B');

insert into m_localidad (NOMBRE, ID_LOCALIDAD, ID_LOCALIDAD_PADRE, NIVEL_LOCALIDAD)
values ('BERNARDINO CABALLERO', 828, 61, 'B');

insert into m_localidad (NOMBRE, ID_LOCALIDAD, ID_LOCALIDAD_PADRE, NIVEL_LOCALIDAD)
values ('DOMINGO SAVIO', 827, 61, 'B');

insert into m_localidad (NOMBRE, ID_LOCALIDAD, ID_LOCALIDAD_PADRE, NIVEL_LOCALIDAD)
values ('LAGUNA SATI', 826, 61, 'B');

insert into m_localidad (NOMBRE, ID_LOCALIDAD, ID_LOCALIDAD_PADRE, NIVEL_LOCALIDAD)
values ('ESTANZUELA', 825, 61, 'B');

insert into m_localidad (NOMBRE, ID_LOCALIDAD, ID_LOCALIDAD_PADRE, NIVEL_LOCALIDAD)
values ('LAGUNA GRANDE', 824, 61, 'B');

insert into m_localidad (NOMBRE, ID_LOCALIDAD, ID_LOCALIDAD_PADRE, NIVEL_LOCALIDAD)
values ('VILLA OFELIA', 823, 61, 'B');

insert into m_localidad (NOMBRE, ID_LOCALIDAD, ID_LOCALIDAD_PADRE, NIVEL_LOCALIDAD)
values ('ORILLA DEL CAMPO GRANDE', 822, 61, 'B');

insert into m_localidad (NOMBRE, ID_LOCALIDAD, ID_LOCALIDAD_PADRE, NIVEL_LOCALIDAD)
values ('SAN JUAN - CALLE`I', 844, 62, 'B');

insert into m_localidad (NOMBRE, ID_LOCALIDAD, ID_LOCALIDAD_PADRE, NIVEL_LOCALIDAD)
values ('SAGRADA FAMILIA', 843, 62, 'B');

insert into m_localidad (NOMBRE, ID_LOCALIDAD, ID_LOCALIDAD_PADRE, NIVEL_LOCALIDAD)
values ('VILLA LAURELTY', 842, 62, 'B');

insert into m_localidad (NOMBRE, ID_LOCALIDAD, ID_LOCALIDAD_PADRE, NIVEL_LOCALIDAD)
values ('VIRGEN DE LOS REMEDIOS', 841, 62, 'B');

insert into m_localidad (NOMBRE, ID_LOCALIDAD, ID_LOCALIDAD_PADRE, NIVEL_LOCALIDAD)
values ('SANTO REY', 840, 62, 'B');

insert into m_localidad (NOMBRE, ID_LOCALIDAD, ID_LOCALIDAD_PADRE, NIVEL_LOCALIDAD)
values ('SAN MIGUEL', 839, 62, 'B');

insert into m_localidad (NOMBRE, ID_LOCALIDAD, ID_LOCALIDAD_PADRE, NIVEL_LOCALIDAD)
values ('VILLA AMELIA', 838, 62, 'B');

insert into m_localidad (NOMBRE, ID_LOCALIDAD, ID_LOCALIDAD_PADRE, NIVEL_LOCALIDAD)
values ('LAURELTY', 837, 62, 'B');


insert into m_feriados (FECHA)
values (to_date('01-01-2024', 'dd-mm-yyyy'));

insert into m_feriados (FECHA)
values (to_date('01-03-2024', 'dd-mm-yyyy'));

insert into m_feriados (FECHA)
values (to_date('28-03-2024', 'dd-mm-yyyy'));

insert into m_feriados (FECHA)
values (to_date('29-03-2024', 'dd-mm-yyyy'));

insert into m_feriados (FECHA)
values (to_date('01-05-2024', 'dd-mm-yyyy'));

insert into m_feriados (FECHA)
values (to_date('14-05-2024', 'dd-mm-yyyy'));

insert into m_feriados (FECHA)
values (to_date('15-05-2024', 'dd-mm-yyyy'));

insert into m_feriados (FECHA)
values (to_date('10-06-2024', 'dd-mm-yyyy'));

insert into m_feriados (FECHA)
values (to_date('15-08-2024', 'dd-mm-yyyy'));

insert into m_feriados (FECHA)
values (to_date('29-09-2024', 'dd-mm-yyyy'));

insert into m_feriados (FECHA)
values (to_date('08-12-2024', 'dd-mm-yyyy'));

insert into m_feriados (FECHA)
values (to_date('25-12-2024', 'dd-mm-yyyy'));

insert into m_feriados (FECHA)
values (to_date('31-12-2024', 'dd-mm-yyyy'));


insert into m_marcas (COD_MARCA, NOMBRE_MARCA)
values (1, 'KIA');

insert into m_marcas (COD_MARCA, NOMBRE_MARCA)
values (2, 'HYUNDAI');

insert into m_marcas (COD_MARCA, NOMBRE_MARCA)
values (3, 'TOYOTA');

insert into m_marcas (COD_MARCA, NOMBRE_MARCA)
values (4, 'MAZDA');

insert into m_marcas (COD_MARCA, NOMBRE_MARCA)
values (5, 'CHEVROLET');

insert into m_marcas (COD_MARCA, NOMBRE_MARCA)
values (6, 'MERCEDES BENZ');

insert into m_marcas (COD_MARCA, NOMBRE_MARCA)
values (7, 'BMW');

insert into m_marcas (COD_MARCA, NOMBRE_MARCA)
values (8, 'PEUGEOT');

insert into m_marcas (COD_MARCA, NOMBRE_MARCA)
values (9, 'RENAULT');

insert into m_marcas (COD_MARCA, NOMBRE_MARCA)
values (10, 'WOLKSWAGEN');

insert into m_marcas (COD_MARCA, NOMBRE_MARCA)
values (11, 'FORD');

insert into m_marcas (COD_MARCA, NOMBRE_MARCA)
values (12, 'SUZUKI');

insert into m_marcas (COD_MARCA, NOMBRE_MARCA)
values (13, 'SUBARU');

insert into m_marcas (COD_MARCA, NOMBRE_MARCA)
values (14, 'NISSAN');

insert into m_marcas (COD_MARCA, NOMBRE_MARCA)
values (15, 'HONDA');

insert into m_marcas (COD_MARCA, NOMBRE_MARCA)
values (16, 'FIAT');

insert into m_marcas (COD_MARCA, NOMBRE_MARCA)
values (17, 'AUDI');

insert into m_marcas (COD_MARCA, NOMBRE_MARCA)
values (18, 'JEEP');

insert into m_marcas (COD_MARCA, NOMBRE_MARCA)
values (19, 'LAND ROVER');

insert into m_marcas (COD_MARCA, NOMBRE_MARCA)
values (20, 'CITROEN');

insert into m_marcas (COD_MARCA, NOMBRE_MARCA)
values (21, 'MASERATI');

insert into m_marcas (COD_MARCA, NOMBRE_MARCA)
values (22, 'GEELY');

insert into m_marcas (COD_MARCA, NOMBRE_MARCA)
values (23, 'KAWASAKI');

insert into m_marcas (COD_MARCA, NOMBRE_MARCA)
values (24, 'DUCATI');

insert into m_marcas (COD_MARCA, NOMBRE_MARCA)
values (25, 'YAMAHA');

insert into m_marcas (COD_MARCA, NOMBRE_MARCA)
values (26, 'BENELLI');

insert into m_marcas (COD_MARCA, NOMBRE_MARCA)
values (27, 'KENTON');

insert into m_marcas (COD_MARCA, NOMBRE_MARCA)
values (28, 'START');

insert into m_marcas (COD_MARCA, NOMBRE_MARCA)
values (29, 'LEOPARD');

insert into m_marcas (COD_MARCA, NOMBRE_MARCA)
values (30, 'TAIGA');

insert into m_marcas (COD_MARCA, NOMBRE_MARCA)
values (31, 'YAMASUKI');

insert into m_tipo_rodado (COD_TIPO_RODADO, DESCRIPCION)
values ('A', 'AUTOMOVIL');

insert into m_tipo_rodado (COD_TIPO_RODADO, DESCRIPCION)
values ('M', 'MOTOCICLETA');

insert into m_cargos (COD_CARGO, NOMBRE_CARGO)
values (1, 'AGENTE DE TRANSITO');

insert into m_cargos (COD_CARGO, NOMBRE_CARGO)
values (2, 'SUPERVISOR DE TRANSITO');

insert into m_cargos (COD_CARGO, NOMBRE_CARGO)
values (3, 'CAJERO');

insert into m_cargos (COD_CARGO, NOMBRE_CARGO)
values (4, 'GESTOR DE MULTAS');

insert into m_cargos (COD_CARGO, NOMBRE_CARGO)
values (5, 'ENCARGADO INFRACCIONES');

insert into m_personal (CEDULA, NOMBRE, APELLIDO, FECHA_ING, FECHA_NACIM, CEDULA_JEFE, TELEFONO, DIRECCION, COD_CARGO, ID_LOCALIDAD)
values (1337895, 'JUAN', 'BENITEZ', to_date('01-02-2016', 'dd-mm-yyyy'), to_date('25-07-1985', 'dd-mm-yyyy'), null, '0971325411', '3ER BARRIO-LUQUE', 2, 320);

insert into m_personal (CEDULA, NOMBRE, APELLIDO, FECHA_ING, FECHA_NACIM, CEDULA_JEFE, TELEFONO, DIRECCION, COD_CARGO, ID_LOCALIDAD)
values (2455778, 'CAROLINA', 'ARGUELLO', to_date('01-05-2017', 'dd-mm-yyyy'), to_date('13-08-1990', 'dd-mm-yyyy'), 1337895, '0982654112', 'TABLADA NUEVA', 1, 10573);

insert into m_personal (CEDULA, NOMBRE, APELLIDO, FECHA_ING, FECHA_NACIM, CEDULA_JEFE, TELEFONO, DIRECCION, COD_CARGO, ID_LOCALIDAD)
values (5048302, 'LIZARELLA', 'BAEZ', to_date('01-06-2018', 'dd-mm-yyyy'), to_date('15-08-1994', 'dd-mm-yyyy'), 1337895, '0983650012', 'YKUA SATI', 1, 10572);

insert into m_personal (CEDULA, NOMBRE, APELLIDO, FECHA_ING, FECHA_NACIM, CEDULA_JEFE, TELEFONO, DIRECCION, COD_CARGO, ID_LOCALIDAD)
values (6985741, 'DIEGO', 'URUNAGA', to_date('12-01-2020', 'dd-mm-yyyy'), to_date('16-04-1997', 'dd-mm-yyyy'), null, '0982663874', '4TO BARRIO', 4, 321);

insert into m_personal (CEDULA, NOMBRE, APELLIDO, FECHA_ING, FECHA_NACIM, CEDULA_JEFE, TELEFONO, DIRECCION, COD_CARGO, ID_LOCALIDAD)
values (5223417, 'JOSUE', 'LOPEZ', to_date('22-04-2021', 'dd-mm-yyyy'), to_date('26-05-1996', 'dd-mm-yyyy'), null, '0971656471', 'ZAVALA KUE', 5, 10559);

insert into m_zonas (ID_LOCALIDAD, HORARIO_INICIAL, HORARIO_FINAL, DIA)
values (10554, '08:00', '18:00', 'JUE');

insert into m_zonas (ID_LOCALIDAD, HORARIO_INICIAL, HORARIO_FINAL, DIA)
values (10554, '08:00', '18:00', 'MIE');

insert into m_zonas (ID_LOCALIDAD, HORARIO_INICIAL, HORARIO_FINAL, DIA)
values (10554, '08:00', '18:00', 'MAR');

insert into m_zonas (ID_LOCALIDAD, HORARIO_INICIAL, HORARIO_FINAL, DIA)
values (10554, '08:00', '18:00', 'LUN');

insert into m_zonas (ID_LOCALIDAD, HORARIO_INICIAL, HORARIO_FINAL, DIA)
values (10554, '18:00', '01:00', 'DOM');

insert into m_zonas (ID_LOCALIDAD, HORARIO_INICIAL, HORARIO_FINAL, DIA)
values (10554, '18:00', '01:00', 'SAB');

insert into m_zonas (ID_LOCALIDAD, HORARIO_INICIAL, HORARIO_FINAL, DIA)
values (10554, '08:00', '01:00', 'VIE');

insert into m_zonas (ID_LOCALIDAD, HORARIO_INICIAL, HORARIO_FINAL, DIA)
values (10545, '18:00', '01:00', 'VIE');

insert into m_zonas (ID_LOCALIDAD, HORARIO_INICIAL, HORARIO_FINAL, DIA)
values (10545, '18:00', '01:00', 'SAB');

insert into m_zonas (ID_LOCALIDAD, HORARIO_INICIAL, HORARIO_FINAL, DIA)
values (10545, '18:00', '01:00', 'DOM');

insert into m_zonas (ID_LOCALIDAD, HORARIO_INICIAL, HORARIO_FINAL, DIA)
values (10566, '18:00', '01:00', 'VIE');

insert into m_zonas (ID_LOCALIDAD, HORARIO_INICIAL, HORARIO_FINAL, DIA)
values (10566, '18:00', '01:00', 'SAB');

insert into m_zonas (ID_LOCALIDAD, HORARIO_INICIAL, HORARIO_FINAL, DIA)
values (10566, '18:00', '01:00', 'DOM');

insert into m_zonas (ID_LOCALIDAD, HORARIO_INICIAL, HORARIO_FINAL, DIA)
values (10550, '08:00', '18:00', 'LUN');

insert into m_zonas (ID_LOCALIDAD, HORARIO_INICIAL, HORARIO_FINAL, DIA)
values (10550, '08:00', '18:00', 'MAR');

insert into m_zonas (ID_LOCALIDAD, HORARIO_INICIAL, HORARIO_FINAL, DIA)
values (10550, '08:00', '18:00', 'MIE');

insert into m_zonas (ID_LOCALIDAD, HORARIO_INICIAL, HORARIO_FINAL, DIA)
values (10550, '08:00', '18:00', 'JUE');

insert into m_zonas (ID_LOCALIDAD, HORARIO_INICIAL, HORARIO_FINAL, DIA)
values (10550, '08:00', '01:00', 'VIE');

insert into m_zonas (ID_LOCALIDAD, HORARIO_INICIAL, HORARIO_FINAL, DIA)
values (10550, '18:00', '01:00', 'SAB');

insert into m_zonas (ID_LOCALIDAD, HORARIO_INICIAL, HORARIO_FINAL, DIA)
values (10550, '18:00', '01:00', 'DOM');

insert into m_zonas (ID_LOCALIDAD, HORARIO_INICIAL, HORARIO_FINAL, DIA)
values (10553, '08:00', '18:00', 'JUE');

insert into m_zonas (ID_LOCALIDAD, HORARIO_INICIAL, HORARIO_FINAL, DIA)
values (10553, '08:00', '18:00', 'MIE');

insert into m_zonas (ID_LOCALIDAD, HORARIO_INICIAL, HORARIO_FINAL, DIA)
values (10553, '08:00', '18:00', 'MAR');

insert into m_zonas (ID_LOCALIDAD, HORARIO_INICIAL, HORARIO_FINAL, DIA)
values (10553, '08:00', '18:00', 'LUN');

insert into m_zonas (ID_LOCALIDAD, HORARIO_INICIAL, HORARIO_FINAL, DIA)
values (10553, '18:00', '01:00', 'DOM');

insert into m_zonas (ID_LOCALIDAD, HORARIO_INICIAL, HORARIO_FINAL, DIA)
values (10553, '18:00', '01:00', 'SAB');

insert into m_zonas (ID_LOCALIDAD, HORARIO_INICIAL, HORARIO_FINAL, DIA)
values (10553, '08:00', '01:00', 'VIE');

insert into m_tarifas (COD_TIPO_TARIFA, NOMBRE_TIPO, DURACION, COSTO_PATENTADO, UNIDAD_TIEMPO, COSTO_NOPATENTADO, COD_TIPO_RODADO, ES_MULTA)
values (1, 'TICKET HORA AUTOMOVIL', 1, 2250, 'H', 4500, 'A', 'N');

insert into m_tarifas (COD_TIPO_TARIFA, NOMBRE_TIPO, DURACION, COSTO_PATENTADO, UNIDAD_TIEMPO, COSTO_NOPATENTADO, COD_TIPO_RODADO, ES_MULTA)
values (2, 'TICKET HORA MOTO', 1, 1050, 'H', 2100, 'M', 'N');

insert into m_tarifas (COD_TIPO_TARIFA, NOMBRE_TIPO, DURACION, COSTO_PATENTADO, UNIDAD_TIEMPO, COSTO_NOPATENTADO, COD_TIPO_RODADO, ES_MULTA)
values (3, 'TICKET MES AUTOMOVIL', 1, 270000, 'M', 500000, 'A', 'N');

insert into m_tarifas (COD_TIPO_TARIFA, NOMBRE_TIPO, DURACION, COSTO_PATENTADO, UNIDAD_TIEMPO, COSTO_NOPATENTADO, COD_TIPO_RODADO, ES_MULTA)
values (4, 'TICKET MES MOTO', 1, 126000, 'M', 244000, 'M', 'N');

insert into m_tarifas (COD_TIPO_TARIFA, NOMBRE_TIPO, DURACION, COSTO_PATENTADO, UNIDAD_TIEMPO, COSTO_NOPATENTADO, COD_TIPO_RODADO, ES_MULTA)
values (5, 'TICKET 4HS AUTOMOVIL', 4, 9000, 'H', 18000, 'A', 'N');

insert into m_tarifas (COD_TIPO_TARIFA, NOMBRE_TIPO, DURACION, COSTO_PATENTADO, UNIDAD_TIEMPO, COSTO_NOPATENTADO, COD_TIPO_RODADO, ES_MULTA)
values (6, 'TICKET 4HS MOTO', 4, 4200, 'H', 8400, 'M', 'N');

insert into m_tarifas (COD_TIPO_TARIFA, NOMBRE_TIPO, DURACION, COSTO_PATENTADO, UNIDAD_TIEMPO, COSTO_NOPATENTADO, COD_TIPO_RODADO, ES_MULTA)
values (7, 'TICKET 8HS AUTOMOVIL', 8, 18000, 'H', 36000, 'A', 'N');

insert into m_tarifas (COD_TIPO_TARIFA, NOMBRE_TIPO, DURACION, COSTO_PATENTADO, UNIDAD_TIEMPO, COSTO_NOPATENTADO, COD_TIPO_RODADO, ES_MULTA)
values (8, 'TICKET 8HS MOTO', 4, 84000, 'H', 16800, 'M', 'N');

insert into m_tarifas (COD_TIPO_TARIFA, NOMBRE_TIPO, DURACION, COSTO_PATENTADO, UNIDAD_TIEMPO, COSTO_NOPATENTADO, COD_TIPO_RODADO, ES_MULTA)
values (9, 'INFRACCION FRANJA DOBLE', 0, 800000, null, 0, 'A', 'S');

insert into m_tarifas (COD_TIPO_TARIFA, NOMBRE_TIPO, DURACION, COSTO_PATENTADO, UNIDAD_TIEMPO, COSTO_NOPATENTADO, COD_TIPO_RODADO, ES_MULTA)
values (10, 'INFRACCION FRANJA DOBLE', 0, 650000, null, 0, 'M', 'S');

insert into m_tarifas (COD_TIPO_TARIFA, NOMBRE_TIPO, DURACION, COSTO_PATENTADO, UNIDAD_TIEMPO, COSTO_NOPATENTADO, COD_TIPO_RODADO, ES_MULTA)
values (11, 'HABILITACION VENCIDA AUTOMOVIL', 0, 750000, null, 0, 'A', 'S');

insert into m_tarifas (COD_TIPO_TARIFA, NOMBRE_TIPO, DURACION, COSTO_PATENTADO, UNIDAD_TIEMPO, COSTO_NOPATENTADO, COD_TIPO_RODADO, ES_MULTA)
values (12, 'HABILITACION VENCIDA MOTO', 0, 680000, null, 0, 'M', 'S');

insert into m_tarifas (COD_TIPO_TARIFA, NOMBRE_TIPO, DURACION, COSTO_PATENTADO, UNIDAD_TIEMPO, COSTO_NOPATENTADO, COD_TIPO_RODADO, ES_MULTA)
values (13, 'SIN EXTINTOR', 0, 500000, null, 0, 'A', 'S');

insert into m_tarifas (COD_TIPO_TARIFA, NOMBRE_TIPO, DURACION, COSTO_PATENTADO, UNIDAD_TIEMPO, COSTO_NOPATENTADO, COD_TIPO_RODADO, ES_MULTA)
values (14, 'SIN CASCO', 0, 450000, null, 0, 'M', 'S');

insert into m_tarifas (COD_TIPO_TARIFA, NOMBRE_TIPO, DURACION, COSTO_PATENTADO, UNIDAD_TIEMPO, COSTO_NOPATENTADO, COD_TIPO_RODADO, ES_MULTA)
values (15, 'USO DE CINTURON', 0, 650000, null, 0, 'A', 'S');

insert into m_tarifas (COD_TIPO_TARIFA, NOMBRE_TIPO, DURACION, COSTO_PATENTADO, UNIDAD_TIEMPO, COSTO_NOPATENTADO, COD_TIPO_RODADO, ES_MULTA)
values (16, 'EXCESO VELOCIDAD AUTOMOVIL', 0, 900000, null, 0, 'A', 'S');

insert into m_tarifas (COD_TIPO_TARIFA, NOMBRE_TIPO, DURACION, COSTO_PATENTADO, UNIDAD_TIEMPO, COSTO_NOPATENTADO, COD_TIPO_RODADO, ES_MULTA)
values (17, 'EXCESO VELOCIDAD MOTO', 0, 800000, null, 0, 'M', 'S');

insert into m_tarifas (COD_TIPO_TARIFA, NOMBRE_TIPO, DURACION, COSTO_PATENTADO, UNIDAD_TIEMPO, COSTO_NOPATENTADO, COD_TIPO_RODADO, ES_MULTA)
values (18, 'SIN REGISTRO DE CONDUCIR AUTOMOVIL', 0, 720000, null, 0, 'A', 'S');

insert into m_tarifas (COD_TIPO_TARIFA, NOMBRE_TIPO, DURACION, COSTO_PATENTADO, UNIDAD_TIEMPO, COSTO_NOPATENTADO, COD_TIPO_RODADO, ES_MULTA)
values (19, 'SIN REGISTRO DE CONDUCIR MOTO', 0, 600000, null, 0, 'M', 'S');

insert into m_tarifas (COD_TIPO_TARIFA, NOMBRE_TIPO, DURACION, COSTO_PATENTADO, UNIDAD_TIEMPO, COSTO_NOPATENTADO, COD_TIPO_RODADO, ES_MULTA)
values (20, 'ESTACIONAMIENTO NO PAGADO AUTOMOVIL', 0, 100000, null, 130000, 'A', 'S');

insert into m_tarifas (COD_TIPO_TARIFA, NOMBRE_TIPO, DURACION, COSTO_PATENTADO, UNIDAD_TIEMPO, COSTO_NOPATENTADO, COD_TIPO_RODADO, ES_MULTA)
values (21, 'ESTACIONAMIENTO NO PAGADO MOTO', 0, 85000, null, 100000, 'M', 'S');

insert into m_usuarios (ID_USUARIO, TIPO_PERSONA, NOMBRE, APELLIDO, DIRECCION, TELEFONO, RUC, CEDULA, CORREO_ELECTRONICO, FECHA_NACIMIENTO, ID_LOCALIDAD, ES_CONTRIBUYENTE, MONTO_MORA)
values (100, 'F', 'JUAN', 'LOPEZ', 'LOS LAURELES ESQ. CAP. BADO', '0971632451', null, '3654741', 'JUANL99@GMAIL.COM', to_date('24-08-1990', 'dd-mm-yyyy'), 10542, 'S', 520000);

insert into m_usuarios (ID_USUARIO, TIPO_PERSONA, NOMBRE, APELLIDO, DIRECCION, TELEFONO, RUC, CEDULA, CORREO_ELECTRONICO, FECHA_NACIMIENTO, ID_LOCALIDAD, ES_CONTRIBUYENTE, MONTO_MORA)
values (101, 'J', 'INDUTEX', 'SA', 'SAN PEDRO 1750 Y LOS LAPACHOS', '021524874', '8007415-3', null, 'INDUTEX@HOTMAIL.COM', to_date('01-01-1985', 'dd-mm-yyyy'), 10540, 'S', 0);

insert into m_usuarios (ID_USUARIO, TIPO_PERSONA, NOMBRE, APELLIDO, DIRECCION, TELEFONO, RUC, CEDULA, CORREO_ELECTRONICO, FECHA_NACIMIENTO, ID_LOCALIDAD, ES_CONTRIBUYENTE, MONTO_MORA)
values (102, 'F', 'LIZ', 'PESOA', 'CHILE Y OLIVA', '0985654123', null, '1457859', 'LIZPP95@GMAIL.COM', to_date('23-02-1995', 'dd-mm-yyyy'), 10560, 'S', 370000);

insert into m_usuarios (ID_USUARIO, TIPO_PERSONA, NOMBRE, APELLIDO, DIRECCION, TELEFONO, RUC, CEDULA, CORREO_ELECTRONICO, FECHA_NACIMIENTO, ID_LOCALIDAD, ES_CONTRIBUYENTE, MONTO_MORA)
values (103, 'J', 'EMPRENDIMIENTOS NOA', 'SRL', 'AVDA. STA TERESA Y GRAL. GENEZ', '021654741', '8009875-1', null, 'CONTACTO@NOA.COM.PY', to_date('06-04-1980', 'dd-mm-yyyy'), 10560, 'S', 0);

insert into m_usuarios (ID_USUARIO, TIPO_PERSONA, NOMBRE, APELLIDO, DIRECCION, TELEFONO, RUC, CEDULA, CORREO_ELECTRONICO, FECHA_NACIMIENTO, ID_LOCALIDAD, ES_CONTRIBUYENTE, MONTO_MORA)
values (104, 'F', 'PAOLA', 'ROA', 'MANDUVIRA Y 15 DE AGOSTO', '0991452145', null, '2541748', 'PAOGG@GMAIL.COM', to_date('12-06-1991', 'dd-mm-yyyy'), 10551, 'S', 0);

insert into m_usuarios (ID_USUARIO, TIPO_PERSONA, NOMBRE, APELLIDO, DIRECCION, TELEFONO, RUC, CEDULA, CORREO_ELECTRONICO, FECHA_NACIMIENTO, ID_LOCALIDAD, ES_CONTRIBUYENTE, MONTO_MORA)
values (105, 'F', 'JUAN JOSE', 'MORA', 'FOTOGRAFOS DEL CHACO 1254', '0986454112', null, '4785214', 'JUANJOAA@HOTMAIL.COM', to_date('10-03-1992', 'dd-mm-yyyy'), 319, 'N', 0);

insert into m_usuarios (ID_USUARIO, TIPO_PERSONA, NOMBRE, APELLIDO, DIRECCION, TELEFONO, RUC, CEDULA, CORREO_ELECTRONICO, FECHA_NACIMIENTO, ID_LOCALIDAD, ES_CONTRIBUYENTE, MONTO_MORA)
values (106, 'J', 'SOLUTECH', 'SAECA', 'AZARA Y RCA. ARGENTINA', '021852471', '8006654-0', null, 'SOLU@TECH.COM.PY', to_date('05-03-1995', 'dd-mm-yyyy'), 902, 'N', 0);

insert into m_usuarios (ID_USUARIO, TIPO_PERSONA, NOMBRE, APELLIDO, DIRECCION, TELEFONO, RUC, CEDULA, CORREO_ELECTRONICO, FECHA_NACIMIENTO, ID_LOCALIDAD, ES_CONTRIBUYENTE, MONTO_MORA)
values (107, 'F', 'KARINA', 'ORTIZ', 'LAPACHO Y SAN MARTIN 5244', '0982663471', null, '3521874', 'KARI@HOTMAIL.COM', to_date('17-08-1996', 'dd-mm-yyyy'), 906, 'N', 0);

insert into m_usuarios (ID_USUARIO, TIPO_PERSONA, NOMBRE, APELLIDO, DIRECCION, TELEFONO, RUC, CEDULA, CORREO_ELECTRONICO, FECHA_NACIMIENTO, ID_LOCALIDAD, ES_CONTRIBUYENTE, MONTO_MORA)
values (108, 'J', 'RESTAURANT 3A', 'SA', 'GUEMEZ Y SOLDADO OVELAR', '021854741', '8001478-8', null, '3A@GMAIL.COM', to_date('01-01-1990', 'dd-mm-yyyy'), 828, 'N', 0);

insert into m_usuarios (ID_USUARIO, TIPO_PERSONA, NOMBRE, APELLIDO, DIRECCION, TELEFONO, RUC, CEDULA, CORREO_ELECTRONICO, FECHA_NACIMIENTO, ID_LOCALIDAD, ES_CONTRIBUYENTE, MONTO_MORA)
values (109, 'F', 'RODRIGO', 'MARTINEZ', 'MCAL. ESTIGARRIBIA E/ MUSICOS DEL CHACO', '0961475321', null, '5963147', 'RODRI@GMAIL.COM', to_date('09-05-1993', 'dd-mm-yyyy'), 841, 'N', 0);

insert into M_RODADOS (MATRICULA, NRO_CHASIS, ANIO, DESCRIPCION, COD_MARCA, ID_USUARIO, HABILITACION_MUNICIPIO, COD_TIPO_RODADO, VTO_HABILITACION)
values ('KLI654', '6465464812', 2015, 'COROLLA AXIO', 3, 100, 'S', 'A', to_date('29-02-2024', 'dd-mm-yyyy'));

insert into M_RODADOS (MATRICULA, NRO_CHASIS, ANIO, DESCRIPCION, COD_MARCA, ID_USUARIO, HABILITACION_MUNICIPIO, COD_TIPO_RODADO, VTO_HABILITACION)
values ('AOLK652', '287401545', 2019, 'KIA RIO', 1, 100, 'N', 'A', to_date('31-12-2024', 'dd-mm-yyyy'));

insert into M_RODADOS (MATRICULA, NRO_CHASIS, ANIO, DESCRIPCION, COD_MARCA, ID_USUARIO, HABILITACION_MUNICIPIO, COD_TIPO_RODADO, VTO_HABILITACION)
values ('FGS985', '1148780223', 2012, 'MOTOCICLETA', 30, 100, 'S', 'M', to_date('30-06-2024', 'dd-mm-yyyy'));

insert into M_RODADOS (MATRICULA, NRO_CHASIS, ANIO, DESCRIPCION, COD_MARCA, ID_USUARIO, HABILITACION_MUNICIPIO, COD_TIPO_RODADO, VTO_HABILITACION)
values ('ABNT657', '88987455', 2020, 'TUCSON', 2, 101, 'S', 'A', to_date('30-06-2024', 'dd-mm-yyyy'));

insert into M_RODADOS (MATRICULA, NRO_CHASIS, ANIO, DESCRIPCION, COD_MARCA, ID_USUARIO, HABILITACION_MUNICIPIO, COD_TIPO_RODADO, VTO_HABILITACION)
values ('PLOL874', '2264715645', 2019, 'BMW X5', 7, 101, 'S', 'A', to_date('30-04-2024', 'dd-mm-yyyy'));

insert into M_RODADOS (MATRICULA, NRO_CHASIS, ANIO, DESCRIPCION, COD_MARCA, ID_USUARIO, HABILITACION_MUNICIPIO, COD_TIPO_RODADO, VTO_HABILITACION)
values ('RTE987', '455514545', 2015, 'MOTOCICLETE', 31, 102, 'S', 'M', to_date('30-05-2024', 'dd-mm-yyyy'));

insert into M_RODADOS (MATRICULA, NRO_CHASIS, ANIO, DESCRIPCION, COD_MARCA, ID_USUARIO, HABILITACION_MUNICIPIO, COD_TIPO_RODADO, VTO_HABILITACION)
values ('ITU632', '547821554', 2016, 'SEDAN', 10, 103, 'S', 'A', to_date('30-06-2024', 'dd-mm-yyyy'));

insert into M_RODADOS (MATRICULA, NRO_CHASIS, ANIO, DESCRIPCION, COD_MARCA, ID_USUARIO, HABILITACION_MUNICIPIO, COD_TIPO_RODADO, VTO_HABILITACION)
values ('AABG322', '26571550023', 2020, 'SANTA FE', 2, 103, 'S', 'A', to_date('30-06-2024', 'dd-mm-yyyy'));

insert into M_RODADOS (MATRICULA, NRO_CHASIS, ANIO, DESCRIPCION, COD_MARCA, ID_USUARIO, HABILITACION_MUNICIPIO, COD_TIPO_RODADO, VTO_HABILITACION)
values ('RRT985', '65447851221', 2014, 'SPORTAGE', 1, 104, 'S', 'A', to_date('30-04-2024', 'dd-mm-yyyy'));

insert into M_RODADOS (MATRICULA, NRO_CHASIS, ANIO, DESCRIPCION, COD_MARCA, ID_USUARIO, HABILITACION_MUNICIPIO, COD_TIPO_RODADO, VTO_HABILITACION)
values ('JIU324', '5740015444', 2012, 'ALEX', 3, 105, 'N', 'A', to_date('29-02-2024', 'dd-mm-yyyy'));

insert into M_RODADOS (MATRICULA, NRO_CHASIS, ANIO, DESCRIPCION, COD_MARCA, ID_USUARIO, HABILITACION_MUNICIPIO, COD_TIPO_RODADO, VTO_HABILITACION)
values ('DAFG988', '798105544', 2019, 'MOTOCICLETA', 23, 106, 'N', 'M', to_date('29-02-2024', 'dd-mm-yyyy'));

insert into M_RODADOS (MATRICULA, NRO_CHASIS, ANIO, DESCRIPCION, COD_MARCA, ID_USUARIO, HABILITACION_MUNICIPIO, COD_TIPO_RODADO, VTO_HABILITACION)
values ('HNN123', '898121254', 2013, 'FUNCARGO', 3, 107, 'N', 'A', to_date('30-05-2024', 'dd-mm-yyyy'));

insert into M_RODADOS (MATRICULA, NRO_CHASIS, ANIO, DESCRIPCION, COD_MARCA, ID_USUARIO, HABILITACION_MUNICIPIO, COD_TIPO_RODADO, VTO_HABILITACION)
values ('KLLL355', '2454554', 2019, 'TRACKER', 5, 108, 'N', 'A', to_date('30-06-2024', 'dd-mm-yyyy'));

insert into M_RODADOS (MATRICULA, NRO_CHASIS, ANIO, DESCRIPCION, COD_MARCA, ID_USUARIO, HABILITACION_MUNICIPIO, COD_TIPO_RODADO, VTO_HABILITACION)
values ('POO778', '326654456546', 2011, 'MOTOCICLETA', 31, 109, 'N', 'M', to_date('30-07-2024', 'dd-mm-yyyy'));

insert into M_RODADOS (MATRICULA, NRO_CHASIS, ANIO, DESCRIPCION, COD_MARCA, ID_USUARIO, HABILITACION_MUNICIPIO, COD_TIPO_RODADO, VTO_HABILITACION)
values ('TYUU755', '987123011', 2019, '2008', 8, 109, 'N', 'A', to_date('30-08-2024', 'dd-mm-yyyy'));

/* Registros a insertar una vez creada las tablas conforme indicaciones del TP */
insert into m_infracciones (ID_INFRACCION, FECHA, FECHA_PAGO, CEDULA_GUARDIA, MATRICULA, IMPORTE_MULTA, COD_TIPO_TARIFA)
values (1, to_date('28-01-2024', 'dd-mm-yyyy'), null, 2455778, 'FGS985', 450000, 14);

insert into m_infracciones (ID_INFRACCION, FECHA, FECHA_PAGO, CEDULA_GUARDIA, MATRICULA, IMPORTE_MULTA, COD_TIPO_TARIFA)
values (2, to_date('30-01-2024', 'dd-mm-yyyy'), to_date('30-01-2024', 'dd-mm-yyyy'), 2455778, 'KLI654', 500000, 13);

insert into m_infracciones (ID_INFRACCION, FECHA, FECHA_PAGO, CEDULA_GUARDIA, MATRICULA, IMPORTE_MULTA, COD_TIPO_TARIFA)
values (3, to_date('30-01-2024', 'dd-mm-yyyy'), to_date('31-01-2024', 'dd-mm-yyyy'), 5048302, 'JIU324', 130000, 20);

insert into m_movimientos (ID_MOVIMIENTO, FECHA, NRO_FACTURA, ID_USUARIO)
values (1, to_date('30-01-2024', 'dd-mm-yyyy'), '001-002-6547410', 100);

insert into m_movimientos (ID_MOVIMIENTO, FECHA, NRO_FACTURA, ID_USUARIO)
values (2, to_date('31-01-2024', 'dd-mm-yyyy'), '001-002-6547411', 105);

insert into m_movimientos (ID_MOVIMIENTO, FECHA, NRO_FACTURA, ID_USUARIO)
values (3, to_date('01-02-2024', 'dd-mm-yyyy'), '001-002-6547412', 101);

insert into m_movimientos (ID_MOVIMIENTO, FECHA, NRO_FACTURA, ID_USUARIO)
values (4, to_date('01-02-2024', 'dd-mm-yyyy'), '001-002-6547413', 106);

insert into m_movimientos (ID_MOVIMIENTO, FECHA, NRO_FACTURA, ID_USUARIO)
values (5, to_date('06-02-2024', 'dd-mm-yyyy'), '001-002-6547414', 109);


insert into m_detalle_movimientos (ID_MOVIMIENTO, ITEM, COD_TIPO_TARIFA, IMPORTE, ID_INFRACCION, MATRICULA)
values (1, 1, 13, 500000, 2, 'KLI654');

insert into m_detalle_movimientos (ID_MOVIMIENTO, ITEM, COD_TIPO_TARIFA, IMPORTE, ID_INFRACCION, MATRICULA)
values (2, 1, 20, 130000, 3, 'JIU324');

insert into m_detalle_movimientos (ID_MOVIMIENTO, ITEM, COD_TIPO_TARIFA, IMPORTE, ID_INFRACCION, MATRICULA)
values (2, 2, 7, 36000, null, 'JIU324');

insert into m_detalle_movimientos (ID_MOVIMIENTO, ITEM, COD_TIPO_TARIFA, IMPORTE, ID_INFRACCION, MATRICULA)
values (3, 1, 5, 90000, null, 'ABNT657');

insert into m_detalle_movimientos (ID_MOVIMIENTO, ITEM, COD_TIPO_TARIFA, IMPORTE, ID_INFRACCION, MATRICULA)
values (3, 2, 5, 90000, null, 'PLOL874');

insert into m_detalle_movimientos (ID_MOVIMIENTO, ITEM, COD_TIPO_TARIFA, IMPORTE, ID_INFRACCION, MATRICULA)
values (4, 1, 4, 244000, null, 'DAFG988');

insert into m_detalle_movimientos (ID_MOVIMIENTO, ITEM, COD_TIPO_TARIFA, IMPORTE, ID_INFRACCION, MATRICULA)
values (5, 1, 3, 500000, null, 'TYUU755');


insert into m_saldo_activado (ID_TICKET, ID_MOVIMIENTO, ITEM, INICIO_VIGENCIA, FIN_VIGENCIA, CONSUMO_EN_HORAS, TIEMPO_ADQUIRIDO)
values (1, 2, 2, to_date('31-01-2024 09:50:00', 'dd-mm-yyyy hh24:mi:ss'), to_date('01-02-2024 10:50:00', 'dd-mm-yyyy hh24:mi:ss'), 8, 8);

insert into m_saldo_activado (ID_TICKET, ID_MOVIMIENTO, ITEM, INICIO_VIGENCIA, FIN_VIGENCIA, CONSUMO_EN_HORAS, TIEMPO_ADQUIRIDO)
values (2, 3, 1, to_date('01-02-2024 09:10:00', 'dd-mm-yyyy hh24:mi:ss'), to_date('02-02-2024 09:10:00', 'dd-mm-yyyy hh24:mi:ss'), 4, 4);

insert into m_saldo_activado (ID_TICKET, ID_MOVIMIENTO, ITEM, INICIO_VIGENCIA, FIN_VIGENCIA, CONSUMO_EN_HORAS, TIEMPO_ADQUIRIDO)
values (3, 3, 2, to_date('01-02-2024 09:10:00', 'dd-mm-yyyy hh24:mi:ss'), to_date('02-02-2024 09:10:00', 'dd-mm-yyyy hh24:mi:ss'), 4, 4);

insert into m_saldo_activado (ID_TICKET, ID_MOVIMIENTO, ITEM, INICIO_VIGENCIA, FIN_VIGENCIA, CONSUMO_EN_HORAS, TIEMPO_ADQUIRIDO)
values (4, 4, 1, to_date('01-02-2024 09:15:00', 'dd-mm-yyyy hh24:mi:ss'), to_date('01-03-2024 09:15:00', 'dd-mm-yyyy hh24:mi:ss'), 20, 160);

insert into m_saldo_activado (ID_TICKET, ID_MOVIMIENTO, ITEM, INICIO_VIGENCIA, FIN_VIGENCIA, CONSUMO_EN_HORAS, TIEMPO_ADQUIRIDO)
values (5, 5, 1, to_date('06-02-2024 08:50:50', 'dd-mm-yyyy hh24:mi:ss'), to_date('06-03-2024 08:50:50', 'dd-mm-yyyy hh24:mi:ss'), 21, 160);

insert into m_mov_estacionamiento (ID_ESTACIONAMIENTO, INICIO, FIN, ID_LOCALIDAD, DIA, ID_TICKET, ESTADO)
values (1, to_date('31-01-2024 10:00:00', 'dd-mm-yyyy hh24:mi:ss'), to_date('31-01-2024 18:00:00', 'dd-mm-yyyy hh24:mi:ss'), 10554, 'MIE', 1, 'P');

insert into m_mov_estacionamiento (ID_ESTACIONAMIENTO, INICIO, FIN, ID_LOCALIDAD, DIA, ID_TICKET, ESTADO)
values (2, to_date('01-02-2024 09:30:00', 'dd-mm-yyyy hh24:mi:ss'), to_date('01-02-2024 10:30:00', 'dd-mm-yyyy hh24:mi:ss'), 10553, 'JUE', null, 'E');

insert into m_mov_estacionamiento (ID_ESTACIONAMIENTO, INICIO, FIN, ID_LOCALIDAD, DIA, ID_TICKET, ESTADO)
values (3, to_date('01-02-2024 10:30:01', 'dd-mm-yyyy hh24:mi:ss'), to_date('01-02-2024 14:30:01', 'dd-mm-yyyy hh24:mi:ss'), 10553, 'JUE', 2, 'P');

insert into m_mov_estacionamiento (ID_ESTACIONAMIENTO, INICIO, FIN, ID_LOCALIDAD, DIA, ID_TICKET, ESTADO)
values (5, to_date('02-02-2024 08:05:00', 'dd-mm-yyyy hh24:mi:ss'), to_date('02-02-2024 09:05:00', 'dd-mm-yyyy hh24:mi:ss'), 10553, 'VIE', null, 'E');

insert into m_mov_estacionamiento (ID_ESTACIONAMIENTO, INICIO, FIN, ID_LOCALIDAD, DIA, ID_TICKET, ESTADO)
values (6, to_date('02-02-2024 09:05:01', 'dd-mm-yyyy hh24:mi:ss'), to_date('02-02-2024 13:05:01', 'dd-mm-yyyy hh24:mi:ss'), 10553, 'VIE', 3, 'P');

insert into m_mov_estacionamiento (ID_ESTACIONAMIENTO, INICIO, FIN, ID_LOCALIDAD, DIA, ID_TICKET, ESTADO)
values (4, to_date('01-02-2024 09:15:00', 'dd-mm-yyyy hh24:mi:ss'), to_date('01-02-2024 17:15:00', 'dd-mm-yyyy hh24:mi:ss'), 10553, 'JUE', 4, 'P');

insert into m_mov_estacionamiento (ID_ESTACIONAMIENTO, INICIO, FIN, ID_LOCALIDAD, DIA, ID_TICKET, ESTADO)
values (7, to_date('02-02-2024 13:00:00', 'dd-mm-yyyy hh24:mi:ss'), to_date('02-02-2024 21:00:00', 'dd-mm-yyyy hh24:mi:ss'), 10553, 'VIE', 4, 'P');

insert into m_mov_estacionamiento (ID_ESTACIONAMIENTO, INICIO, FIN, ID_LOCALIDAD, DIA, ID_TICKET, ESTADO)
values (8, to_date('03-02-2024 14:00:00', 'dd-mm-yyyy hh24:mi:ss'), to_date('03-02-2024 18:00:00', 'dd-mm-yyyy hh24:mi:ss'), 10553, 'LUN', 4, 'P');

insert into m_mov_estacionamiento (ID_ESTACIONAMIENTO, INICIO, FIN, ID_LOCALIDAD, DIA, ID_TICKET, ESTADO)
values (9, to_date('06-02-2024 09:00:00', 'dd-mm-yyyy hh24:mi:ss'), to_date('06-02-2024 14:00:00', 'dd-mm-yyyy hh24:mi:ss'), 10554, 'MAR', 5, 'P');

insert into m_mov_estacionamiento (ID_ESTACIONAMIENTO, INICIO, FIN, ID_LOCALIDAD, DIA, ID_TICKET, ESTADO)
values (10, to_date('07-02-2024 10:00:00', 'dd-mm-yyyy hh24:mi:ss'), to_date('07-02-2024 17:00:00', 'dd-mm-yyyy hh24:mi:ss'), 10554, 'MIE', 5, 'P');

insert into m_mov_estacionamiento (ID_ESTACIONAMIENTO, INICIO, FIN, ID_LOCALIDAD, DIA, ID_TICKET, ESTADO)
values (11, to_date('08-02-2024 12:00:00', 'dd-mm-yyyy hh24:mi:ss'), to_date('08-02-2024 17:00:00', 'dd-mm-yyyy hh24:mi:ss'), 10554, 'JUE', 5, 'P');

insert into m_mov_estacionamiento (ID_ESTACIONAMIENTO, INICIO, FIN, ID_LOCALIDAD, DIA, ID_TICKET, ESTADO)
values (12, to_date('09-02-2024 08:30:00', 'dd-mm-yyyy hh24:mi:ss'), to_date('09-02-2024 12:30:00', 'dd-mm-yyyy hh24:mi:ss'), 10554, 'VIE', 5, 'P');

COMMIT;
